date,ticker,sector,size,query,provider,model,price_at_analysis,market_cap_bn,revenue_growth_pct,implied_cagr_pct,closest_narrative,gap_assessment,prob_bull,prob_base,prob_bear,n_contradictions,n_base_rate_flags,elapsed_s,status
2026-03-29,NVDA,Technology,mega,"What does the market expect, and where might expectations be wrong?",anthropic,default,167.52,4071.6,73.2,21.0,base,"The reverse DCF implies the market prices in a 21% revenue CAGR over 5 years, which represents a dramatic deceleration from the current 73.2% YoY growth rate. This is not a demanding number in absolute terms — it is actually quite conservative relative to near-term momentum. The paradox here is revealing: at $167.52, the market is NOT pricing in the bull case of durable hypergrowth. A 21% 5-year CAGR to $560B in revenue is essentially the base/bear scenario — it prices in significant deceleration. This suggests the market has already partially de-risked NVIDIA from peak euphoria levels (52-week high of $212.19). The key expectations gap is asymmetric: if NVIDIA executes closer to the bull narrative (inference TAM expansion + sustained moat), the 21% implied CAGR is materially too low and the stock is cheap. If the bear case plays out (capex digestion + share loss), even 21% CAGR may be too optimistic. CRITICALLY: The stock's YTD underperformance vs SPY (-4.4% stock-specific component) is modest, suggesting most of the -11.3% YTD decline is macro-driven (VIX 31, geopolitical stress, 5-week market losing streak). The elevated VIX and Iran tensions explain the bulk of recent price weakness — this is NOT primarily a fundamental re-rating of NVIDIA's business. The 15.1x forward P/E for a company with 73% growth and 65% operating margins is arguably cheap if growth persists, but reflects the market's rational uncertainty about where earnings normalize in a cyclical industry. The biggest potential expectation error: analysts modeling 21% long-term CAGR may still be underestimating inference TAM expansion (bull risk to the upside), while simultaneously overestimating how quickly AI ROI validates continued hyperscaler capex (bear risk to the downside). The distribution of outcomes is wide, and the current price reflects a reasonable middle ground.",0.28,0.45,0.27,5,4,188.5,success
2026-03-29,AAPL,Technology,mega,"What does the market expect, and where might expectations be wrong?",anthropic,default,248.8,3656.8,15.7,17.0,bull,"The reverse DCF implies the market is pricing in a 17.0% revenue CAGR over 5 years, which would take Apple from $435.6B to approximately $955B in revenue. This is a very aggressive expectation. Apple's actual TTM growth of 15.7% is running close to this rate, but sustaining 17% CAGR at Apple's current $3.7T enterprise value is historically extraordinary for a company of this scale. The implied growth rate exceeds our base case (~10-12% blended revenue CAGR) by ~5-7 percentage points and sits closer to our bull narrative assumptions. Critically, this means the BASE CASE is actually the disappointment scenario relative to current pricing — if Apple delivers solid but not spectacular execution (the most probable outcome at 50%), the stock likely underperforms. SYSTEMATIC vs. IDIOSYNCRATIC: AAPL's relative performance vs SPY is modest (-1.2% YTD relative underperformance, -1.0% on 1-month basis), suggesting the recent -8.1% YTD decline is predominantly macro-driven (broad market risk-off, VIX=31) rather than a fundamental repricing of Apple's business model. This is an important nuance: the current price of $248 likely reflects a macro discount applied to still-intact fundamental expectations, not a fundamental downgrade. The expectations gap is therefore primarily about whether Apple can grow into its embedded 17% CAGR assumption over 5 years — and at $3.7T enterprise value, that is a high bar even in the bull case.",0.2,0.5,0.3,5,5,180.6,success
2026-03-29,TSLA,Consumer Discretionary,mega,"What does the market expect, and where might expectations be wrong?",anthropic,default,361.83,1357.7,-3.1,80.0,bull,"The reverse-DCF is the most alarming data point in this entire analysis. At $361.83/share and $1.33T enterprise value, the market is implying an 80% revenue CAGR over 5 years — growing Tesla from $94.83B to approximately $1.79T in revenue. For context, that would make Tesla larger than the current GDP of Australia. This is not the base case, not the bull case, and arguably not even an extreme bull case — it is a number that has virtually no historical precedent for a company of this scale. The current trailing P/E of 332x and forward P/E of 128.7x create a 203-point compression gap, meaning the market is betting on a ~2.6x earnings expansion embedded in the next 12 months alone. Compounding the problem: the implied 80% CAGR is calculated holding margins constant at 4.7% operating margin — but the bull case requires EXPANDING margins as robotaxi/software revenue kicks in. If margins actually improve, the required revenue growth is somewhat lower; if margins stay flat or compress, the implied growth requirement is even more heroic. The most important expectations gap: the market is pricing in a narrative that is to the RIGHT of the bull case on the probability distribution, while the most likely fundamental outcome (base case with 52% probability) resembles a well-run industrial company worth a fraction of current multiples. The stock has already corrected -27.5% from its 52-week high, suggesting some expectations have been reset — but at 128x forward earnings on negative revenue growth, the gap between price and fundamentals remains enormous. Notably, Tesla's YTD underperformance vs. SPY (-10.5% stock-specific component) indicates this is NOT purely macro repricing — there is genuine company-specific expectations erosion occurring, yet the valuation remains extreme. The most likely way expectations get revised: continued EPS misses on automotive margins and further robotaxi timeline delays force a multiple de-rating toward industrial comp levels (15-25x P/E), implying a stock price of roughly $30-60 on current earnings — a scenario the market is clearly not pricing. The offsetting optionality (robotaxi, Megapack, AI) is real but is being priced as near-certain rather than probabilistic.",0.15,0.52,0.33,7,6,187.3,success
2026-03-29,MSFT,Technology,mega,Is Microsoft's AI investment justified by the fundamentals?,anthropic,default,356.77,2651.6,16.7,11.0,base,"The market's reverse-DCF implied 5-year revenue CAGR of 11.0% is materially BELOW Microsoft's current trailing growth rate of 16.7%. This is a critical and somewhat counterintuitive finding: after a -24.4% YTD drawdown, the market is now pricing in significant deceleration — from 16.7% actual to 11% implied — rather than the acceleration the bull case requires. The implied terminal revenue of $514.7B in 5 years represents roughly 1.7x today's $305B. At first glance, this appears conservative and potentially creates a valuation opportunity IF growth remains near current rates. However, the key nuance is the FCF gap: EBITDA of $175B vs. FCF of $53.6B implies massive capex consumption (~$120B+ in D&A/capex), meaning the 47.1% operating margin assumption in the reverse DCF may be too generous for near-term free cash flow purposes. The stock-specific relative underperformance (-17.5% vs. SPY YTD) confirms this is NOT primarily a macro repricing — the market has genuinely revised down its view on Microsoft's AI monetization trajectory. The gap between analyst targets ($590, +65%) and current price ($357) is unusually wide, suggesting either analysts are anchored to prior bull-case models or the market is overreacting. The base case narrative — solid growth, slow AI monetization, FCF lag — most closely matches what the 11% CAGR assumption embeds. The key variant perception question: is 11% a floor (bear) or a ceiling (value opportunity)? Given current 16.7% growth, even the base case implies significant deceleration is already baked in.",0.25,0.5,0.25,6,5,176.6,success
2026-03-29,AMZN,Consumer Discretionary,mega,What does the market expect from Amazon's growth?,anthropic,default,199.34,2139.9,13.6,22.0,base,"The reverse DCF embeds a 22% revenue CAGR over 5 years, implying Amazon's TTM revenue of $716.92B reaches ~$1.94T by Year 5. This is a remarkably aggressive expectation relative to the current 13.6% TTM growth rate — it requires a significant re-acceleration of roughly 8-9 percentage points above the current run rate. The implied CAGR most closely matches the upper end of the bull narrative's assumptions about AWS AI tailwinds and advertising growth, but at current margins (10.5% held flat), this implies Amazon must grow its way to value rather than margin-expand its way there. CRITICALLY: The reverse DCF holds margins constant at 10.5%, but Amazon's FCF margin is only ~3.3% — if the market is also pricing in margin expansion (as the Forward vs. Trailing P/E gap of 6.6 points implies), then the actual revenue growth the market requires may be somewhat lower than 22%, perhaps 16-19%, which would align closer to the base case. The stock-specific YTD underperformance vs. SPY is -5.1% — modest but meaningful — suggesting a small but real downward revision in Amazon-specific expectations, not just macro repricing. The bulk of the 22.9% drawdown from 52-week highs appears macro/sentiment-driven given the VIX at 31 and broad market correction context. Net assessment: the market is pricing in a scenario between the upper base case and lower bull case (call it ~18-22% revenue CAGR), with an additional expectation of meaningful operating leverage. The greatest expectations gap risk is on the downside: if AWS growth decelerates to the low teens due to Azure competition, AND capex remains elevated, the embedded 22% CAGR assumption would require a painful multiple de-rating. The greatest upside surprise would be AWS growth re-accelerating above 25% driven by inference compute demand, which would validate or exceed the embedded expectations.",0.3,0.42,0.28,5,5,175.2,success
2026-03-29,GOOG,Communication Services,mega,Is Alphabet undervalued relative to its AI position?,anthropic,default,273.76,3311.7,18.0,18.0,base,"The market is currently pricing in exactly the current revenue growth rate (18% CAGR over 5 years, implying $921.6B terminal revenue vs. $402.8B today) with margins held flat — essentially a 'status quo continuation' scenario. This maps most closely to the base case, but with an important nuance: the base case actually assumes some deceleration in growth (low-to-mid single digit Search + 25-30% Cloud), so the market may be slightly MORE optimistic than the base case implies on a blended basis. The critical insight is that the implied expectations embed NO meaningful AI disruption risk to Search and NO material regulatory haircut — meaning the stock is priced for a smooth transition. If the bear case materializes even partially (Search disruption + antitrust loss), the stock has significant downside from here. However, because the recent -13.1% YTD decline includes a -6.9% SPY component and a -6.2% stock-specific component, roughly half the selloff is macro-driven (Iran war concerns, broad risk-off, elevated VIX at 31), not a fundamental revision to Alphabet's AI positioning. This is an important distinction: the expectations gap is not as wide as the raw price drop suggests. At Forward P/E of 20.4x vs. Trailing P/E of 25.3x, the market expects meaningful earnings growth, which is consistent with the embedded 18% CAGR. Given the analyst consensus target of $359.53 (31.3% upside), institutional expectations are significantly more bullish than what the current price implies — suggesting the street's base case is closer to the bull narrative than the market's embedded expectation. The stock appears undervalued relative to institutional expectations but fairly valued-to-slightly-rich relative to a carefully constructed base case that incorporates Search disruption risk and capex headwinds on FCF.",0.32,0.44,0.24,5,5,160.6,success
2026-03-29,META,Communication Services,mega,Is Meta's AI pivot justified by the fundamentals?,anthropic,default,525.72,1329.8,23.8,7.0,base,"The reverse DCF reveals a striking expectations gap: the current price of $525.72 implies only a 7.0% revenue CAGR over 5 years, yet Meta is currently growing at 23.8% YoY. Even the bear case would likely see growth above 7% for at least 2-3 years before any structural deterioration. This means the market is NOT pricing in an AI pivot success story — it is pricing in something close to a significant deceleration or a 'show me' skepticism scenario. The gap between actual recent growth (23.8%) and implied growth (7.0%) is approximately 17 percentage points — an enormous divergence that suggests either (a) the market believes current growth is unsustainable and will rapidly revert to single digits, or (b) the market is applying a macro/regulatory/capex risk discount that is compressing the implied growth rate well below fundamental trajectory. The VIX at 31 and the stock's -12% YTD underperformance vs. SPY suggest BOTH factors are at play: macro repricing is depressing multiples broadly, while company-specific concerns (capex intensity, regulatory risk, litigation, AI monetization uncertainty) are adding idiosyncratic compression. The most important insight: at 7% implied CAGR, the market is essentially pricing in the WORST version of the base case, approaching bear case territory. If Meta can sustain even 12-15% revenue growth (well below current pace), the stock is materially undervalued at current levels. The upside case comes from the base/bull narrative being more likely than what is currently priced.",0.25,0.45,0.3,7,6,179.3,success
2026-03-29,JPM,Financials,large,What does the market expect from JPMorgan?,anthropic,default,282.84,762.8,2.5,-10.0,base,"CRITICAL METHODOLOGICAL NOTE: The reverse DCF implies a -10% revenue CAGR over 5 years (terminal revenue of $99.3B vs current $168.24B). This is almost certainly a MODEL ARTIFACT, not a true market expectation. Standard EV-based reverse DCFs are structurally inappropriate for banks and diversified financials because: (1) EV ($521B) is far below market cap ($762.8B) for banks due to the treatment of deposits/debt on balance sheets — this depresses the apparent EV and generates a mechanically distorted implied growth rate; (2) Banks are properly valued on P/B, P/E, and ROTCE, not EV/Revenue. THE REAL EXPECTATIONS SIGNAL: The Forward P/E of 12.1x vs trailing P/E of 14.1x tells the real story — the market expects EARNINGS GROWTH (not decline), compressing the multiple from 14.1x to 12.1x implies the market is pricing in roughly 15-20% earnings growth over the next 12 months. This is modestly optimistic and closest to the BASE case. The stock is -12.7% YTD vs XLF -12.5% — JPM is moving almost precisely in line with its sector. The YTD underperformance vs SPY (-5.8% idiosyncratic component) reflects macro repricing of financials sector risk (recession fears, rate path uncertainty, geopolitical stress) rather than any JPM-specific fundamental deterioration. THE GAP: At $282.84, with analyst consensus at $340 (20.3% upside), the market appears to be pricing in a scenario slightly worse than our base case — perhaps a mild version of the bear case — primarily driven by macro/geopolitical fear (Middle East tensions, recession risk repricing, VIX at 31). If macro fears subside and the base case plays out, the expectations gap is meaningful and positive for the stock. The risk is that macro deterioration validates the bear narrative.",0.3,0.45,0.25,5,5,160.4,success
2026-03-29,UNH,Healthcare,large,What are the key risks for UnitedHealth?,anthropic,default,259.02,235.1,12.3,80.0,bear,"The reverse DCF flags a critical data anomaly: to justify the current EV of $297.58B at a 0.3% operating margin (held constant), the model requires an 80% revenue CAGR over 5 years — implying terminal revenue of $8,457B. This is an artifact of the margin being near zero: when margins are near breakeven, revenue must be astronomically large to generate any meaningful DCF value, making the implied CAGR figure essentially meaningless as a standalone expectation metric. The correct interpretation is the opposite: the market is NOT pricing in 80% growth — rather, the market is pricing in MARGIN RECOVERY. The current stock price ($259) vs. the 52-week high ($606) and analyst target ($358) strongly implies that investors expect margins to normalize well above 0.3% as the repricing cycle completes. The more relevant signal is the Forward P/E of 13.0x vs. Trailing P/E of 19.6x: the 6.6-point compression implies the market expects earnings to recover meaningfully — roughly 50%+ EPS growth — as margins expand from current trough levels. The key risk is that if margins do NOT recover (i.e., the bear case of structural impairment), 13x forward earnings on depressed earnings could still be overvalued. The stock being -57.3% from its high and -15.5% YTD relative to SPY confirms that the market has already priced in significant fundamental deterioration beyond macro noise.",0.2,0.4,0.4,6,5,150.9,success
2026-03-29,JNJ,Healthcare,large,Is Johnson & Johnson fairly valued as a defensive holding?,anthropic,default,240.45,579.5,9.1,20.0,bull,"The reverse DCF implies the market is pricing in a 20% revenue CAGR over 5 years, which would compound JNJ's revenue base from $94.2B to approximately $234.4B. This is dramatically inconsistent with all three of our narratives. Even the bull case assumes pipeline-driven ABOVE-MARKET growth — not 20% CAGR on a near-$100B revenue base. The base case assumes mid-single digit growth; the bear case assumes stagnation or decline. HOWEVER: this implied CAGR figure deserves significant skepticism. The most probable explanation is one of: (1) the simplified reverse DCF model is applying assumptions (9% WACC, 24% operating margin, 3% terminal growth) that generate a mathematically extreme implied CAGR for what is actually a modestly valued large-cap, possibly due to model mechanics rather than true market expectations; or (2) the stock's YTD +16.6% gain is substantially driven by MACRO defensive rotation (JNJ outperformed SPY by +23.5% YTD), meaning the price appreciation reflects risk-off demand for defensives rather than a revised view of JNJ's fundamental growth profile. The forward P/E of 19.1x — a modest premium to the S&P 500 average — is far more consistent with the BASE CASE narrative of mid-single-digit growth and stable margins than with any 20% CAGR assumption. The consensus analyst target of $241.08 (essentially at-market) confirms professionals see the stock as fairly valued at current levels, not pricing in heroic growth. CONCLUSION: The stock appears APPROXIMATELY FAIRLY VALUED for the base case defensive holding thesis at current price, but with limited upside catalysts identified and a non-trivial bear case probability (30%) related to Stelara erosion, talc litigation, and pipeline execution risk. The defensive premium embedded in the price relative to the sector (XLV is -7.5% YTD vs. JNJ +16.6%) may fade if macro stress resolves or if Stelara headwinds materialize more visibly in reported results.",0.2,0.5,0.3,5,4,155.8,success
2026-03-29,XOM,Energy,large,Is Exxon fairly valued at current oil prices?,anthropic,default,170.99,712.5,-1.3,17.0,bull,"The reverse DCF implies a 17% revenue CAGR over 5 years, which would require Exxon to grow from $323.9B to ~$710B in revenue — nearly doubling in 5 years. This is an extraordinary expectation for a $712B market cap integrated oil major with -1.3% TTM revenue growth. HOWEVER, this gap requires critical context: (1) The implied CAGR is almost certainly an artifact of the current high oil price environment being extrapolated forward — at $100+ Brent, near-term revenue acceleration is real, but 17% sustained CAGR is not. (2) XOM's +47.2% relative outperformance vs. SPY YTD is NOT macro-driven in the traditional sense — it IS company/sector specific, driven by oil prices. But that sector-specific driver (Hormuz crisis) is itself a geopolitical exogenous variable, not a fundamental change in Exxon's competitive position. (3) The analyst consensus target of $156.375 is -8.5% BELOW current price, meaning Wall Street's 24 analysts collectively believe the current price ALREADY EXCEEDS fair value — a stark contrast to the market's enthusiasm. The most important tension: the market appears to be pricing a 'higher-for-longer $90-100 Brent' scenario as the new normal, while analysts (who set targets weeks/months ago) were pricing a $75-85 Brent world. If Goldman's $85 floor forecast for 2026 is correct, the stock may be only modestly overvalued. If Hormuz disruption persists with Brent staying $95-100+, the stock could be UNDERVALUED on forward earnings. If de-escalation brings Brent back to $75-80, the stock is 10-15% expensive at current prices.",0.42,0.35,0.23,6,6,186.8,success
2026-03-29,V,Financials,large,Can Visa sustain its premium valuation?,anthropic,default,295.52,569.8,14.6,12.0,base,"The market's implied 12.0% revenue CAGR over 5 years is a meaningful DECELERATION from Visa's current 14.6% TTM growth rate — the price already embeds some pessimism. This is closer to the base case (steady compounding with friction) than either the bull (sustained acceleration) or bear (structural impairment). The key insight: at $295.52, the market is NOT pricing in the bull narrative of accelerating growth from emerging markets and value-added services; it is pricing in a gradual slowdown. This creates an asymmetric setup: if Visa sustains or slightly exceeds 14% growth, the stock is cheap; if growth decelerates to 10-11% (a plausible outcome given macro stress), the stock is fairly valued; only if growth falls below 8-9% (bear case) does significant downside materialize. CRITICAL CAVEAT: The YTD decline of -14.5% vs. SPY's -6.9% (stock-specific component: -7.6% YTD) suggests the price decline is partly macro-driven (risk-off, tariff concerns, VIX at 31) and partly company-specific re-rating. The 1-month and 5-day relative performance vs. SPY is nearly flat (+1.1% and +0.2%), strongly suggesting the recent acceleration of underperformance is a macro-driven phenomenon, NOT a new company-specific narrative. This means the implied CAGR compression may be 'borrowed' from macro repricing and could reverse when risk appetite normalizes — a key source of potential upside that pure fundamental analysis would miss. The forward P/E of 20.3x vs. trailing 27.8x implies the market expects ~37% EPS growth over the next 12 months — this likely reflects both organic earnings growth and continued buybacks, and appears achievable under the base case.",0.3,0.47,0.23,6,5,172.8,success
2026-03-29,WMT,Consumer Staples,mega,What does the market expect from Walmart's growth?,anthropic,default,122.89,979.7,5.6,24.0,bear,"The reverse DCF reveals a profound expectations gap. At $122.89/share, the market is pricing in a 24% revenue CAGR over 5 years — which would require Walmart to grow from $713B to approximately $2.09 TRILLION in revenue by 2031. This is not plausible for any company at this scale in history. For context, the entire U.S. retail market (online + offline) is roughly $5-6 trillion. A 24% CAGR would imply Walmart captures an ever-larger share of global commerce at an accelerating rate. The actual recent growth rate is 5.6% YoY. Even the bull case (transformation to high-margin ecosystem) doesn't generate 24% revenue CAGR — it generates higher margins on slower revenue growth. The gap is most consistent with the bear narrative on valuation grounds: Walmart is priced as if it were a hyperscaling tech platform, but even Walmart's most optimistic fundamental story is a 8-12% revenue grower with improving margins. The key insight is that the market is NOT pricing in 24% revenue growth literally — rather, the reverse DCF holding margins flat at 4.6% is capturing the market's expectation that MARGINS WILL EXPAND significantly. The market likely prices in a combination of: (1) continued 5-8% revenue growth, (2) meaningful margin expansion toward 6-8% operating margins driven by retail media and scale, and (3) a premium 'defensive quality' valuation multiple warranted by WMT's macro resilience. Still, even adjusting for margin expansion, current valuation implies expectations that are demanding and leave limited margin for error. WMT is outperforming SPY by +16.1% YTD in a stressed market (VIX 31), suggesting a significant portion of its premium reflects macro safe-haven repricing rather than purely a changed fundamental growth view — this is a critical moderating factor.",0.2,0.55,0.25,6,5,149.2,success
2026-03-29,PG,Consumer Staples,large,Is Procter & Gamble's defensive premium justified?,anthropic,default,142.71,333.5,1.5,7.0,bull,"The reverse DCF reveals a CRITICAL expectations gap: at $142.71, the market still prices in a 7.0% revenue CAGR over 5 years, implying terminal revenue of ~$119.6B — a 40% increase from the current $85.26B. Yet P&G's actual trailing revenue growth is only 1.5% YoY. This is a gap of approximately 550 basis points between implied expectations and current reality. The implied growth trajectory most closely matches the bull narrative, which requires simultaneous volume recovery, premiumization execution, and China rebound — none of which are currently evident in the data. The key question is: how much of this gap reflects the market's justified forward-looking view (earnings recovery, cost tailwinds, volume normalization) vs. an overly optimistic stale consensus? SYSTEMATIC vs. IDIOSYNCRATIC NOTE: PG's 1-month decline of -12.8% vs. SPY -7.8% shows a -5.0% stock-specific component — this is meaningful idiosyncratic underperformance, not just market drag. However, YTD PG is +8.3% relative to SPY, suggesting the stock is still holding a significant defensive premium year-to-date. The recent -5.0% relative underperformance over 1 month may signal early erosion of that defensive premium — worth monitoring. The implied 7.0% CAGR vs. 1.5% actual growth is the most important data point in this analysis: the defensive premium is priced for a company that doesn't exist yet in the data.",0.2,0.5,0.3,7,6,161.1,success
2026-03-29,CAT,Industrials,large,What does the market expect from Caterpillar given the infrastructure cycle?,anthropic,default,695.4,325.4,18.0,25.0,"The implied 25% revenue CAGR over 5 years (implying $206B terminal revenue vs. $67.6B today) most closely corresponds to a scenario that is even more aggressive than our Bull narrative. Our Bull case assumes mid-to-high single-digit revenue growth driven by IIJA, mining capex, and services attach — not a tripling of revenue. The market's priced-in expectation appears to sit between an extreme Bull and a Super-Bull that does not exist in our narrative set.","CRITICAL MISMATCH — but with an important caveat. The reverse DCF implies 25% revenue CAGR, which would require CAT to go from $67.6B to $206B in 5 years. This is almost certainly a mechanical artifact of the valuation model (CAT's EV/EBITDA of 25.7x and forward P/E of 25.1x are elevated for a heavy machinery cyclical, but not because the market literally expects 25% revenue CAGR). A more realistic interpretation: the market is pricing in (1) structural margin expansion as services/aftermarket grow as a share of revenue, (2) a prolonged but moderate infrastructure and mining cycle (not hockey-stick revenue), and (3) a premium for CAT's pricing power durability. The implied expectations are likely embedding ~6-8% revenue CAGR with materially higher margins than the base (perhaps 18-20% operating margin) rather than the literal 25% CAGR. The gap that matters is: actual likely revenue CAGR of 4-7% vs. whatever is truly priced in. If the market has correctly embedded cycle moderation (base case), the current price is roughly fair. If two more EPS misses follow the recent trend, downward estimate revisions would compress multiples fast — a company at 25x forward earnings with decelerating growth and EPS misses has significant downside. The stock's -12% from highs and VIX-30 environment create asymmetric risk: the bull upside is capped (only 5.9% consensus target upside), while the bear downside from a destocking + margin compression scenario could be 25-35%.",0.2,0.5,0.3,6,5,171.7,success
2026-03-29,CRM,Technology,large,Is Salesforce's growth story intact?,anthropic,default,179.31,168.0,12.1,14.0,base,"The reverse DCF implies a 14.0% revenue CAGR over 5 years — nearly identical to Salesforce's actual trailing growth of 12.1%. This means the market is pricing in very modest acceleration from current pace, essentially a 'continuation of base case' scenario. However, this is paradoxical given the severe stock-specific de-rating: CRM is down -22.4% vs. SPY on a stock-specific basis YTD, yet the implied CAGR is not dramatically punitive. The key tension is that the market has compressed the multiple (Forward P/E 12x vs. historical SaaS comps at 25-35x) rather than cutting the revenue growth assumption dramatically. This suggests the market is NOT saying 'growth is broken' — it is saying 'this growth rate does not deserve a premium SaaS multiple.' The gap between analyst consensus ($273 target, 52.7% upside) and current price ($179) is substantial, representing one of the widest analyst-to-price gaps in large-cap tech. The most likely explanation is that macro risk-off (VIX 31) combined with Agentforce monetization uncertainty has compressed the multiple far below what fundamentals alone would justify — creating a potential setup where the base case narrative is already priced in or better, but macro/sentiment headwinds are overwhelming the signal. The bear case is partially priced via multiple compression, not via an explicit growth haircut.",0.2,0.52,0.28,5,4,152.4,success
2026-03-29,AMD,Technology,large,How does AMD's competitive position look?,anthropic,default,201.99,329.3,34.1,39.0,bull,"The current price of $201.99 implies a 39% revenue CAGR over 5 years via reverse DCF, which would take AMD from $34.6B to ~$179.7B in revenue. This is dramatically above even our bull case assumptions and sits closest to — but meaningfully beyond — the bull narrative. Our base case (steady EPYC + inference niche) might imply 15–20% revenue CAGR over 5 years, generating a terminal revenue closer to $75–90B. Our bull case might support 25–30% CAGR (terminal ~$100–130B). The market is pricing in something more aggressive than all three narratives we've defined. HOWEVER, there is an important nuance: AMD is down 24.4% from its 52-week high of $267.08. At the high, implied CAGR would have been even more extreme (~50%+). The current price represents meaningful expectations compression from peak AI GPU euphoria. Relative to the broader market, AMD has actually outperformed SPY on 1-month (+7.0%) and 5-day (+2.5%) bases, suggesting the 24% drawdown from highs is partly company-specific expectation resetting and partly macro (VIX 31, geopolitical stress). The expectations gap remains: even at $201.99, the market embeds a 39% CAGR that requires AMD to nearly match NVIDIA's current scale — that is a high bar. The gap between the implied 39% CAGR and our probable base case of 15–20% is substantial and represents the core risk. To justify current prices, AMD would need to dramatically outperform our base case.",0.2,0.5,0.3,6,5,186.7,success
2026-03-29,NFLX,Communication Services,large,Can Netflix sustain its growth and margins?,anthropic,default,93.43,396.3,17.6,28.0,bull,"The reverse DCF embeds a 28% revenue CAGR over 5 years, implying terminal revenues of ~$155B vs. today's $45B — a 3.4x increase. This is materially above Netflix's actual TTM growth of 17.6%, meaning the market is pricing in significant acceleration, not merely continuation. This level of growth is only achievable under a scenario closer to the bull case (aggressive ad-tier scaling, international expansion, live sports driving incremental engagement) rather than the base case (steady mature compounder). However, a critical nuance: NFLX's strong relative performance vs. SPY (+18.3% 1-month, +9.6% YTD) during a broad market selloff (SPY -7.8% 1-month) is stock-specific, not macro-driven. The market appears to be repricing NFLX as a 'defensive growth' name — possibly because streaming is perceived as recession-resistant and because Netflix's diversified revenue model (ads + subscriptions + password-sharing revenue) creates multiple earnings levers. The key expectations gap: if Netflix delivers ~17-20% revenue CAGR (our base case) rather than the 28% implied, current valuation is stretched. But if the ad tier and international expansion accelerate growth toward 22-25% CAGR — still below the 28% implied but closer — the gap is narrower. The market appears to be paying for optionality on the ad business becoming transformational. This is a classic 'buy the story' premium that requires execution on two fronts simultaneously (ads + international) to justify.",0.3,0.42,0.28,5,4,151.8,success
2026-03-29,COST,Consumer Staples,large,Can Costco sustain its premium valuation?,anthropic,default,983.86,436.7,9.2,30.0,The implied 30% revenue CAGR to $1.06T in 5 years is not credibly matched by ANY of the three narratives. It is most 'closest' to a hyper-bull scenario that doesn't exist in the narrative set. The stated bull narrative targets solid but not $1T-scale growth. The base narrative is closest to reality but implies significant overvaluation at current prices.,"CRITICAL OVERVALUATION GAP. The reverse DCF implies Costco must grow revenue from $286B to $1.06T in 5 years — a 30% annual CAGR. This is not just unrealistic; it is physically implausible. For context, Costco's TTM revenue of $286B already makes it one of the largest retailers in the world. A 30% CAGR would require adding roughly $770B in incremental revenue — nearly 2.7x its current revenue base — in just 5 years. No consumer defensive retailer of this scale has ever achieved anything close to this. The most aggressive plausible scenario (aggressive international expansion + e-commerce + ancillary) might support 10-12% revenue CAGR. The actual embedded expectation is almost certainly a combination of: (1) margin expansion assumptions not captured in the flat-margin DCF, (2) terminal value front-loading, and (3) a 'quality premium' / 'scarcity premium' that markets historically assign to companies with near-monopoly membership economics. However, even adjusting generously, the current valuation requires either structural margin expansion (from 3.7% op margin toward 5-6%) AND continued 8-10% revenue growth — or else the market is pricing in a multiple that will compress over time regardless of Costco executing well. The 8.5% consensus upside to $1,067 suggests even the sell-side acknowledges limited near-term upside, consistent with the stock being fully-to-richly priced.",0.25,0.5,0.25,6,6,160.5,success
2026-03-29,LLY,Healthcare,mega,Is Eli Lilly's GLP-1 growth priced in?,anthropic,default,878.24,786.0,42.6,21.0,base,"The market is pricing in a 21% revenue CAGR over 5 years — implying terminal revenue of ~$169B vs. today's $65B. This sits between the base and bull narratives, but critically, it assumes CURRENT margins are SUSTAINED (44.9% operating), which is itself an optimistic assumption given competitive pricing pressure. The 21% CAGR represents significant deceleration from the current 42.6% pace — so the market is NOT pricing in continuation of hypergrowth, but IS pricing in a very sustained, multi-year growth curve that historically very few $100B+ revenue companies have achieved. The stock's -11.7% YTD idiosyncratic underperformance (stripping out SPY) suggests the market has begun revising these expectations downward. However, macro stress (VIX 31, broad risk-off, Iran war headlines) explains a meaningful portion of the recent -14.1% one-month decline — approximately 7-8 percentage points of that is sector/market-wide, leaving roughly 6 percentage points as LLY-specific repricing. The key expectations gap: the market appears to be asking whether the 21% CAGR is achievable given (1) rising competition from oral agents, biosimilars, and novel mechanisms, (2) payer access limitations on obesity coverage, and (3) real-world adherence data that challenges the chronic-use blockbuster thesis. We believe the market's embedded 21% CAGR is 3-5 percentage points too optimistic relative to our base case, but the bear case (structural ceiling) would imply far greater downside than current prices reflect. The forward P/E of 20.9x vs. trailing 38.3x represents a 17-point compression — the market is embedding ~83% earnings growth in the next 12 months, which is achievable if manufacturing scale-up continues but becomes the single most important operational variable to watch.",0.25,0.45,0.3,5,5,149.3,success
2026-03-29,DE,Industrials,large,What does the market expect from Deere given the ag cycle?,anthropic,default,566.64,153.1,13.0,36.0,base,"The reverse-DCF implies a 36% revenue CAGR over 5 years, which would take Deere from $46.7B to $217.4B in revenue — an outcome that is frankly implausible and almost certainly a data artifact of the simplified DCF model holding current operating margins (9.3%) constant while applying a high EV base. At current margins, $217B in revenue for a farm equipment manufacturer is structurally impossible — it would make Deere larger than most major industrial conglomerates. The model is almost certainly mis-specified. The more informative signal is the forward/trailing P/E gap: at 24.5x forward vs 31.9x trailing, the market already prices in significant earnings recovery — roughly consistent with the BASE CASE scenario where earnings trough in 2025 and normalize over 2026-2027. The 16.2% upside to consensus target ($658) also implies the market has not fully priced in recovery, but isn't pricing in a worst-case either. The stock trading -16% from its 52-week high ($674) but +21.4% YTD is consistent with a market that sees Deere as a trough-to-recovery story but is now pulling back due to macro stress (VIX 31, broader market sell-off). Critically, DE's 1-month relative performance vs SPY is only -0.7%, confirming the recent -8.5% monthly decline is almost entirely MACRO-DRIVEN (tariff/geopolitical risk-off), NOT a deterioration in Deere-specific fundamental expectations. This is important: the current price weakness does not represent a downward revision to Deere's long-term earnings power — it reflects a broad industrial/macro de-rating. The true expectations gap is that the market prices in a base-case recovery but the BEAR case (nine consecutive quarters of declining earnings, no commodity price floor in sight, prolonged dealer destocking) has higher probability than the current valuation implies.",0.2,0.5,0.3,5,5,156.4,success
2026-03-29,NEE,Utilities,large,Is NextEra Energy's growth premium justified?,anthropic,default,91.4,190.4,20.7,33.0,bull,"The reverse DCF implies the market is pricing in a 33% revenue CAGR over 5 years, which would grow NEE's revenue from $27.4B today to $114.1B — a 4.2x increase. This is dramatically above even the bull narrative's realistic expectations. NEE's actual TTM revenue growth of 20.7% is strong, but the market is pricing in acceleration FROM that rate, not moderation. The closest narrative match is the bull case, but even the bull case doesn't fully justify 33% sustained CAGR at this scale. The base case (10-15% growth, reflecting competitive pressure and interest rate sensitivity) would imply substantial downside to the current price. The gap between the 33% implied CAGR and the likely base-case outcome of 10-15% represents the primary valuation risk. IMPORTANT CONTEXT: NEE's relative performance vs. SPY YTD is +20.6%, which is clearly stock-specific — this is NOT a case of macro tailwinds lifting all boats. The market has made a deliberate, company-specific decision to re-rate NEE upward, likely driven by the AI/data center energy demand narrative. This means the expectations gap is genuinely about NEE's fundamentals, not about broad market sentiment, and the 33% implied CAGR is a real embedded expectation that needs to be tested.",0.28,0.47,0.25,6,5,166.9,success
2026-03-29,XYZ,Financials,mid,"What does the market expect, and where might expectations be wrong?",anthropic,default,55.98,34.0,3.6,10.0,base,"The reverse DCF implies the market is pricing in a 10% revenue CAGR over 5 years, reaching ~$39B in terminal revenue. This is a middling expectation — neither catastrophically pessimistic nor optimistically stretched. However, the critical gap is this: Block's actual TTM revenue growth is only 3.6%, meaning the market is pricing in a nearly 3x acceleration from current growth rates. This is the central expectations risk. If Block cannot re-accelerate from 3.6% to ~10%, the stock has downside even from a depressed price. Conversely, if the lending/banking flywheel works as bulls argue, 10% CAGR may prove conservative, suggesting upside. A second gap: the margin assumption is held flat at 8.0% operating margin. The bull case requires margin expansion as fixed costs moderate; the bear case sees margins compressed by credit losses. Neither scenario is priced in — the market is betting on status quo margin, which is arguably the least likely single outcome. The stock-specific component of recent declines (-7.2% YTD vs SPY, -4.0% on the most recent day vs SPY) confirms meaningful company-specific negative sentiment layered on top of broad market weakness. This is not purely a macro-driven dislocation — Block is being re-rated downward on its own fundamentals.",0.2,0.45,0.35,5,5,278.5,success
2026-03-29,SHOP,Technology,mid,Can Shopify sustain its growth trajectory?,anthropic,default,111.85,146.0,30.6,42.0,bull,"The reverse DCF embeds a 42% revenue CAGR over 5 years, implying terminal revenue of $66.7B vs. today's $11.56B — roughly a 5.8x increase in revenues from an already-large base. This is an extraordinarily demanding expectation. Shopify's actual TTM growth of 30.6% is impressive but already below the implied CAGR; the market is pricing in acceleration, not deceleration. Our base case (mid-to-high teens to low-twenties growth) implies a ~20-25% CAGR — roughly half of what's priced in. Even the bull narrative, which we believe is ambitious, likely implies a 28-35% CAGR over 5 years, still 7-14 percentage points below the market's embedded expectation. This creates a significant expectations gap: the stock is priced for a hyper-bull scenario that most institutional models would not assign as the base case. IMPORTANT CONTEXT: The -21.9% YTD relative underperformance vs. SPY is meaningfully stock-specific, not purely macro. This means the de-rating already reflects some fundamental reassessment — yet at $111.85, the implied expectations remain at the hyper-bull level, suggesting the market has partially (but not fully) corrected prior euphoria. The current price likely implies a scenario between our bull and an even more aggressive hyper-bull — making the stock expensive relative to our base and bear cases, with limited margin of safety.",0.25,0.5,0.25,6,5,170.4,success
2026-03-29,PLTR,Technology,mid,Is Palantir's valuation justified by its AI positioning?,anthropic,default,143.06,342.2,70.0,79.0,"The current price of $143.06 does not cleanly match any of the three narratives. The 79% revenue CAGR implied by the reverse DCF — terminal revenue of $82.2B vs. current $4.48B — exceeds even the bull case story. The bull narrative describes Palantir as a 'de facto OS for enterprise and government AI,' but even that scenario would realistically imply 35-50% CAGR, not 79%. The implied growth trajectory is closest to a 'hyper-bull' scenario not formally represented in the narratives.","The market has priced in a scenario that is statistically near-impossible: sustaining 79% revenue CAGR for 5 years to reach $82B in revenue would make Palantir larger than today's Salesforce, ServiceNow, and Workday combined. This is a severe expectations gap — the stock is priced for perfection plus. However, important nuance: (1) The stock is already -31% from its high, suggesting peak euphoria has partially unwound. (2) YTD underperformance vs SPY (-14.8% vs -6.9%) has a stock-specific component of -7.9%, meaning some de-rating is already happening. (3) Near-term price action (-3.0% on 1-day vs SPY -1.7%) has a -1.3% idiosyncratic component — small but present. The gap between the implied 79% CAGR and even a generous bull case of 40-50% CAGR is massive. If growth decelerates to 30% (still exceptional), the stock would need to trade at a dramatically lower multiple. The key question is not whether PLTR is a good business — it clearly is — but whether it can grow fast enough for long enough to justify $342B today.",0.15,0.5,0.35,6,5,172.4,success
2026-03-29,COIN,Financials,mid,What does the market expect from Coinbase?,anthropic,default,161.14,43.5,-22.2,36.0,bull,"The reverse DCF reveals a profound and troubling expectations gap. At $161.14, the market is pricing in a 36% revenue CAGR over 5 years, implying Coinbase reaches ~$32B in revenue vs. current $6.88B — a near-5x increase. This is closer to the bull narrative than the base case. Yet several data points suggest the implied expectations are already being revised DOWN, not up: (1) revenue is already declining -22.2% YoY, the opposite direction needed to validate 36% forward CAGR; (2) the stock has shed -63.8% from its 52-week high and is -31.9% YTD, with a stock-specific component (vs. SPY) of -25 percentage points YTD — indicating the market IS actively cutting these expectations; (3) the Clarity Act's stablecoin yield provision adds a fresh regulatory headwind to a key revenue diversification pillar. The critical insight from Mauboussin's framework: the current price of $161 likely already reflects significant expectation REDUCTION from the highs (when $444 implied even more aggressive growth). BUT the current price still implies 36% CAGR — which is a bull-case number applied to a business experiencing revenue contraction. This means there may be a FURTHER expectations revision downward to come unless crypto volumes recover sharply OR the Clarity Act risk is resolved favorably. The base case (moderate growth, cyclical recovery) would imply a much lower price, and the bear case (prolonged trough + regulatory impairment) would imply even lower. The analyst consensus target of $251 implies the Street believes expectations will be revised UP from here — that is the key variant perception to evaluate.",0.22,0.45,0.33,6,5,160.0,success
2026-03-29,ABNB,Consumer Discretionary,mid,Is Airbnb fairly valued?,anthropic,default,122.87,73.7,12.0,39.0,bull,"The reverse DCF implies the market is pricing in a 39% revenue CAGR over 5 years — meaning Airbnb would need to grow from $12.24B to approximately $63.5B in revenue by 2030. This is the single most important finding in this analysis. Current revenue growth is 12% YoY, and the business is in a mature phase of its core market. To reach $63.5B, Airbnb would need to sustain growth at a rate roughly 3x its current pace for five consecutive years. This implied growth rate far exceeds even the bull case narrative, which centers on gradual new vertical monetization — it would require a complete platform transformation. CRITICAL CAVEAT: The 1-month relative performance vs. SPY is only -2.5%, and YTD relative is -0.7%, meaning the recent ~10% drawdown is overwhelmingly macro-driven (Iran war, oil shock, broad risk-off at VIX 31). The implied expectations are therefore a product of a prior premium valuation meeting a macro storm, not a fresh company-specific narrative revision. However, the premium valuation was itself unjustified at 39% implied CAGR versus 12% actual growth. The market appears to have been pricing Airbnb's exceptional FCF quality and 'platform optionality' at a significant premium to fundamental cash flow expectations — and that premium is now being partially unwound in a risk-off environment. Bottom line: Even after the recent drawdown, at $122.87 the stock embeds expectations that no reasonable narrative — bull, base, or bear — can fully justify on revenue growth alone. The market must be implicitly crediting margin expansion AND new revenue streams to rationalize the price, but the reverse DCF was run at flat 9.7% operating margins, making the 39% CAGR figure even more extreme. If margins expand toward 20-25% (reasonable for this business model), the implied revenue CAGR would be lower — but still far above 12%. The stock looks overvalued in the base case and potentially fairly valued only in an aggressive bull scenario.",0.25,0.5,0.25,5,5,154.2,success
2026-03-29,CRWD,Technology,mid,What does the market expect from CrowdStrike's growth?,anthropic,default,369.58,93.7,23.3,80.0,base,"The reverse DCF implies an 80% revenue CAGR over 5 years, producing a terminal revenue of $90.9B — roughly 19x today's revenue — held at a 1.0% operating margin. This is almost certainly an artifact of the DCF methodology anchoring on GAAP operating margin (1.0%) rather than FCF margin (33%) or expected normalized margins. The market is almost certainly NOT pricing in 80% revenue growth; it is pricing in strong growth (~20-25% CAGR) with significant future margin expansion that the simplified reverse DCF fails to capture because it holds margins flat at 1.0%. The true implied growth rate, when using a normalized 20-25% FCF margin assumption, is likely in the 18-25% CAGR range over 5 years — which closely aligns with the BASE CASE narrative. The forward P/E of 59.8x is the cleaner signal: at 23% current growth with an expected deceleration to ~18-20% over 3 years, a 60x forward P/E implies the market is pricing in continued strong growth AND meaningful operating leverage. The stock is currently -34.8% from its 52-week high, meaning the market has already meaningfully derated from peak expectations. The stock-specific YTD underperformance vs SPY of -11.6% suggests some company-specific negative sentiment (likely outage aftermath + growth deceleration concerns) is embedded in the price, but the magnitude is not consistent with the bear case. The current price at $369 vs analyst target of $490 (32.7% upside) and 60x forward P/E suggests the market is pricing in something between the base case and mild bear case — acknowledging the outage headwind but not catastrophizing competitive displacement. The key variant perception opportunity: if CRWD can demonstrate NRR stabilization above 120% and show operating leverage in upcoming quarters, the stock re-rates toward bull-case multiples. If NRR deteriorates toward 110% and growth dips below 20%, the multiple compresses further.",0.25,0.5,0.25,6,5,180.2,success
2026-03-29,BABA,Technology,large,What are the key risks for Alibaba?,anthropic,default,122.69,292.9,1.7,24.0,bear,"This is one of the most striking expectations gaps in the dataset. The reverse DCF implies the market is pricing in 24% revenue CAGR over 5 years — yet actual TTM revenue growth is only 1.7%. The implied terminal revenue of $2,980.7B would require Alibaba to nearly triple in size from its current $1,016.74B revenue base. Critically, this 24% CAGR is held at current operating margins of 7.1%, which are already compressed — so the market is not pricing in margin expansion, just extraordinary volume growth. This creates a paradox: either (a) the reverse DCF inputs are flawed (the EV figure of $2,292.8B appears anomalously high relative to market cap of $292.9B — this likely includes significant cash/investments on balance sheet that distort the EV calculation and the implied CAGR may be an artifact), or (b) there is a genuine and extreme expectations overhang. Given BABA's reported net cash position historically, the EV may include large gross debt offsets; analysts should verify the net cash position. On a forward P/E of 15.9x, the market is actually pricing in meaningful earnings growth but NOT at the 24% revenue CAGR level — the forward P/E is consistent with a base-to-modest-bull scenario. The most relevant metric is the P/E compression: trailing 21.9x to forward 15.9x implies ~37% earnings growth expected in the next year. Given four consecutive EPS misses with a worsening trend, this earnings acceleration expectation appears optimistic. The stock's -14.3% idiosyncratic underperformance vs. SPY YTD confirms the market IS revising expectations downward for company-specific reasons, not just macro. The current price most closely matches a bear-to-base transition scenario where the market is slowly capitulating from a bull narrative that no longer fits the fundamental data.",0.2,0.5,0.3,6,5,169.9,success
2026-03-29,TSM,Technology,mega,What does the market expect from TSMC's growth?,anthropic,default,326.74,1694.6,20.5,-20.0,bear,"This is the single most important analytical finding in this dataset. The reverse DCF implies the market is pricing in a -20% revenue CAGR over 5 years — meaning the market expects TSMC's revenues to collapse from $3,809B TTM to only $1,248B by Year 5. This is not even the bear narrative; it is a catastrophic destruction scenario that no analyst has as a base case. In contrast, TSMC just printed 20.5% revenue growth YoY, management is guiding >50% AI accelerator CAGR through 2029, and consensus analysts have a $430 price target (31.8% upside). The gap is not subtle — it is extreme and mechanically counterintuitive. The most plausible explanation: (1) The EV figure of $6,514B appears anomalous relative to the $1,695B market cap — this likely reflects a data quality issue in the EV calculation (possibly wrong currency units mixing TWD revenue with USD market cap), which would make the reverse DCF output unreliable and mathematically misleading. TSMC reports financials in TWD (New Taiwan Dollars), and the revenue figures shown ($3,809B, $2,614B, etc.) are almost certainly in TWD billions, while the market cap of $1,695B and price of $326.74 are in USD. The EV/EBITDA of 2.5x would be absurdly cheap for any company — let alone a global monopoly in leading-edge semiconductors. A correct USD-basis EV/EBITDA for TSMC is approximately 18-22x. (2) Taking the price and forward P/E at face value: at 18.2x forward P/E and a $326 price, the market is pricing in approximately 25-30% EPS growth over the next 12 months, which is consistent with the base/bull narrative. The forward vs. trailing P/E compression (18.2x vs. 31.5x, a 13-point gap) implies the market expects ~73% earnings growth in the next year, which is an extremely aggressive embedded expectation — arguably more bull than base. BOTTOM LINE: The -20% CAGR reverse DCF should be treated as a data artifact from currency/unit mismatch, NOT a genuine market signal. The real embedded expectations, read from the forward P/E of 18.2x vs. trailing 31.5x and the analyst consensus, most closely match the BULL narrative: the market expects massive near-term earnings growth, consistent with >50% AI accelerator CAGR. The stock trading -16.3% from highs despite strong fundamentals is almost entirely explained by macro/geopolitical risk (Taiwan Strait) and broad market VIX expansion, not fundamental deterioration.",0.38,0.42,0.2,6,6,157.9,success
